"Owner ID","Openness","Adventurousness","Artistic Interests","Emotionality","Imagination","Intellect","Authority-challenging","Conscientiousness","Achievement Striving","Cautiousness","Dutifulness","Orderliness","Self-discipline","Self-efficacy","Extraversion","Activity Level","Assertiveness","Cheerfulness","Excitement Seeking","Outgoing","Gregariousness","Agreeableness","Altruism","Cooperation","Modesty","Uncompromising","Sympathy","Trust","Neuroticism","Fiery","Prone to worry","Melancholy,","Immoderation","Self-consciousness","Susceptible to stress","Need Challenge","Need Closeness","Need Curiosity","Need Excitement","Need Harmony","Need Ideal","Need Liberty","Need Love","Need Practicality","Need Self Expression","Need Stability","Need Structure","Value Conserveration","Value Openness to Change","Value Hedonism","Value Self Enhancement","Value Self Transcendence"
"23283.json","0.99916655","0.5433981","0.5746627","0.032296717","0.6686773","0.99948156","0.975064","0.4271168","0.48833594","0.839149","0.40213013","0.25306022","0.286041","0.6062001","0.13302201","0.70582277","0.5555161","1.7200143E-4","0.11224025","0.010018232","8.2429766E-4","4.767701E-4","0.22427689","0.658198","0.09804167","0.42307055","0.48460335","0.62268215","0.917665","0.4818246","0.27222294","0.8398213","0.1614587","0.9461748","0.48637474","0.27186096","0.0021824825","0.9702699","0.1489277","0.0023454882","0.2982994","0.31036684","0.006639967","0.65190625","0.073313504","0.0046805628","0.43106112","1.8032012E-4","0.5445954","0.035800513","0.15740919","0.06660838"
"9951.json","0.99715966","0.39427575","0.6419652","0.06446453","0.50451833","0.9962785","0.87522364","0.534028","0.47985998","0.8103617","0.64923936","0.4634843","0.4229097","0.6824423","0.051085394","0.6044679","0.60643953","0.0031905347","0.085026525","0.11278394","0.0058849133","2.1236516E-4","0.50960886","0.760938","0.3921767","0.75944304","0.48278922","0.54102117","0.9704118","0.16979481","0.105581395","0.5894911","0.12632602","0.8800459","0.2828879","0.119951904","0.009073901","0.9091901","0.10841407","0.01067496","0.15544184","0.2907612","0.0037299725","0.65944296","0.035448804","0.0055511063","0.4592549","0.0021158997","0.35042432","0.018071678","0.033369716","0.06153688"
"88656.json","0.97182906","0.69601715","0.36594504","0.11164361","0.36341003","0.9964246","0.7816468","0.7798542","0.63767886","0.84235466","0.68012184","0.42438906","0.55077124","0.7601411","0.16584513","0.7378887","0.7941692","0.016813528","0.1843983","0.16696419","0.04212982","0.027806409","0.65502524","0.7257322","0.61677885","0.89178556","0.7143172","0.44766468","0.9634347","0.08461055","0.08672472","0.640044","0.31959257","0.57407004","0.18969864","0.3264857","0.01624856","0.6597525","0.34855315","0.009406239","0.16822882","0.3095937","0.0121277245","0.6009237","0.04245884","0.029966174","0.6014174","0.010774206","0.43522486","0.03943132","0.057603326","0.12822233"
"6309.json","0.99182093","0.53115416","0.32244527","0.031194357","0.52086633","0.99780494","0.82214195","0.57196987","0.38597074","0.82261246","0.4436407","0.31823602","0.27513042","0.3912828","0.1787161","0.649915","0.5062757","7.7066117E-4","0.08120456","0.020148732","0.0027456286","0.00256744","0.22860713","0.5312006","0.3391952","0.5630361","0.59760076","0.45392302","0.95052654","0.54391116","0.2138566","0.8569828","0.1775345","0.8861158","0.436508","0.17948695","0.0024570902","0.7103764","0.08796375","0.00340886","0.113236114","0.16372491","0.0012527035","0.60864407","0.075436965","0.0077248635","0.44885153","4.166354E-4","0.26249254","0.015447226","0.013368066","0.05332377"
"335858.json","0.9988818","0.57140535","0.5275861","0.064965814","0.555258","0.99948984","0.9649178","0.6296861","0.5966802","0.8276922","0.5559012","0.28865114","0.37061486","0.7434936","0.20972171","0.73985827","0.7051481","6.9010915E-4","0.13556562","0.037753288","0.003074898","0.0011021536","0.4417552","0.66680706","0.14852363","0.4953676","0.6126494","0.6837056","0.96254516","0.39034715","0.2037502","0.7785192","0.17116559","0.8983119","0.38851836","0.31039906","0.0034015484","0.9483469","0.15105066","0.0023976793","0.21449025","0.24785964","0.0064257365","0.5864841","0.034726854","0.0054715215","0.50980794","8.4742316E-4","0.4045075","0.023733126","0.13051048","0.063972935"
"13249.json","0.99267447","0.66632897","0.4729789","0.07847066","0.4094805","0.9945906","0.9324251","0.5014185","0.4707997","0.78911316","0.39210767","0.3004937","0.34478942","0.35298076","0.12294644","0.59418494","0.5224823","0.0014230002","0.0548494","0.023555655","0.013755955","9.298578E-4","0.31038976","0.7085728","0.3965205","0.76358044","0.40377665","0.56989324","0.950953","0.2694137","0.12397881","0.73371863","0.5109647","0.8925023","0.43664533","0.32787153","0.002618864","0.9467458","0.18970115","0.012178628","0.24375167","0.49248874","0.0010899167","0.75344","0.11991659","0.032523327","0.7058002","0.0013711171","0.6364787","0.034122705","0.21274166","0.13933654"
"18393.json","0.987611","0.42059088","0.2051476","0.023692997","0.29975024","0.9964795","0.77467465","0.67481047","0.33620605","0.72952527","0.5274791","0.30988404","0.38327706","0.63559145","0.18178545","0.60866445","0.756973","0.0036085558","0.25432056","0.23710603","0.112750046","0.019173307","0.25154272","0.36421424","0.20909177","0.24438645","0.27575475","0.55610305","0.9433153","0.35218602","0.13861711","0.5589283","0.11534342","0.76618385","0.34765002","0.5107238","0.010666518","0.85442954","0.31670338","0.0012380513","0.2853493","0.31697357","0.04529068","0.4360326","0.033515036","0.0045225215","0.28156748","0.003997443","0.46977773","0.06305411","0.24415772","0.05023043"
"267.json","0.99969286","0.5607267","0.66241616","0.1402626","0.40876484","0.99950516","0.9795095","0.64684564","0.64149994","0.9409627","0.5663736","0.3951853","0.31149706","0.6133844","0.20131816","0.72904724","0.55007714","0.0013985692","0.089014046","0.066909075","0.015250771","0.008870814","0.43110496","0.79671293","0.32613617","0.76756966","0.6910186","0.7471285","0.968071","0.13256794","0.098615706","0.67834675","0.28513244","0.86448437","0.319519","0.26065516","0.0012104874","0.8612901","0.13585593","0.0012313568","0.050849184","0.1805764","0.0039833775","0.3495903","0.020541558","0.0022885455","0.4052021","0.0011595722","0.47051314","0.013814559","0.13641834","0.071666546"
"16883.json","0.9976864","0.57492495","0.52228546","0.042927176","0.57217556","0.99959946","0.9855017","0.348411","0.51170564","0.8648243","0.45281678","0.20758589","0.26860723","0.6378671","0.13855092","0.7272299","0.648939","1.5615782E-4","0.06311778","0.008252677","3.0300106E-4","3.4552134E-4","0.25381482","0.69610256","0.085953526","0.44981477","0.48921034","0.60282236","0.8951838","0.49509904","0.3075484","0.877967","0.25020838","0.95512307","0.49328253","0.2744382","0.0014595765","0.965653","0.06828134","0.0012508606","0.26367772","0.2344103","0.0067231813","0.5737826","0.033563003","0.0019381025","0.36816624","4.3529722E-5","0.4322769","0.02202292","0.085667565","0.06597396"
"3732271.json","0.9986949","0.5394005","0.34553373","0.011352804","0.11352537","0.9906446","0.9046754","0.8128072","0.6059352","0.9645355","0.6417146","0.51566684","0.5832932","0.4869099","0.13439675","0.80827993","0.6032981","0.0015991544","0.017125415","0.10221746","0.019806212","0.0019094491","0.26254418","0.76513493","0.59891766","0.67943275","0.51781386","0.76726764","0.9872076","0.13053916","0.050505843","0.64450306","0.0563133","0.8022007","0.21441548","0.12231777","0.0058098054","0.82914275","0.06789523","0.0026731465","0.04843342","0.15639351","4.5462552E-4","0.2991207","0.06954032","0.017399978","0.54777324","0.0021545289","0.29026428","0.0030897497","0.0041392846","0.057816673"
"20860.json","0.9971308","0.55841607","0.39750838","0.017583715","0.44191188","0.9992619","0.97734964","0.3528941","0.55674654","0.8131735","0.2681688","0.19842675","0.35663965","0.6658671","0.32432723","0.80745745","0.7255307","3.38312E-4","0.10765679","0.045686543","0.005024081","4.709664E-4","0.20567742","0.5029262","0.051829763","0.3860287","0.5857093","0.69089526","0.9405164","0.6229757","0.18863258","0.7645965","0.15564036","0.86546606","0.3938504","0.22577693","0.0011762592","0.9074423","0.084993385","6.7901687E-4","0.19644096","0.19599082","0.004747789","0.5705642","0.023967594","7.3146546E-4","0.38210344","8.092258E-5","0.34312877","0.028183363","0.092710726","0.04389149"
"215945.json","0.99763525","0.89254147","0.7485004","0.07736389","0.7105089","0.9978202","0.9647336","0.38173738","0.5859623","0.8536225","0.12864059","0.43542713","0.43144336","0.5834563","0.25615418","0.7375763","0.6865206","0.0018221418","0.16289388","0.046951193","0.0031973852","0.0011819869","0.13377804","0.6219132","0.08648111","0.44086638","0.5853242","0.4134766","0.9139867","0.45539075","0.23903507","0.63027304","0.008260095","0.8513878","0.46768162","0.1466403","0.007718987","0.964083","0.06714636","0.0059451587","0.17115912","0.25193977","0.015447132","0.59468126","0.18367475","0.0483685","0.6616965","6.733912E-4","0.6401796","0.03958084","0.17996173","0.14172745"
"9530.json","0.997883","0.47468865","0.34255797","0.003989673","0.47847077","0.99708676","0.8385629","0.6368993","0.59278965","0.82750887","0.42461354","0.2931821","0.57868016","0.75553656","0.09992309","0.78562397","0.65532684","2.8028514E-4","0.050796226","0.022248894","4.0125134E-4","4.5585033E-4","0.113230355","0.5297705","0.14278732","0.27028373","0.3600025","0.50804675","0.91531944","0.69914925","0.32292968","0.84449935","0.055569828","0.9377106","0.5016467","0.39679068","0.0049735266","0.92579013","0.119295254","0.0020428312","0.20473522","0.264905","0.0024058435","0.61166924","0.04561924","0.0038937705","0.49662593","2.964667E-4","0.46782357","0.010633818","0.09858825","0.036296852"
"12950.json","0.99617624","0.6900406","0.37651154","0.025319261","0.43771434","0.99885154","0.9695692","0.5643736","0.70592034","0.8869161","0.49553314","0.26594445","0.46795318","0.676645","0.17218013","0.82890725","0.6996206","6.542209E-4","0.05499729","0.017724866","0.0014182167","6.506738E-4","0.23235571","0.7047712","0.1444445","0.6800725","0.42362222","0.69539595","0.9661466","0.3304006","0.12761158","0.737797","0.20312802","0.9112561","0.3557379","0.42492655","0.0016317491","0.96176106","0.120449","0.0031830969","0.23694234","0.3346178","0.0017018062","0.6829955","0.057662982","0.008331842","0.7049102","5.204402E-4","0.44102514","0.015119173","0.11495196","0.09490909"
"816620.json","0.99396473","0.5658788","0.3198547","0.020004572","0.29496694","0.9761019","0.82792157","0.5079758","0.4797003","0.8582548","0.62195605","0.22786725","0.50013244","0.33293575","0.025793653","0.66345495","0.47777247","4.5807086E-4","0.012227937","0.009359259","2.3342375E-4","1.2950931E-4","0.27459005","0.73382354","0.6255925","0.64564276","0.44664216","0.5033487","0.9174913","0.4928909","0.2864042","0.8960592","0.35797632","0.92454576","0.5573777","0.12664433","0.0025993362","0.7043634","0.08862303","0.0014989992","0.18113141","0.25585607","5.6511504E-5","0.7497077","0.041266773","0.021607911","0.7355412","0.0015454245","0.4131516","0.023643803","0.1110649","0.07082602"
"16417.json","0.9960363","0.6604782","0.49389717","0.09821297","0.38480318","0.99783313","0.94063437","0.67119","0.601762","0.8681872","0.688494","0.21667163","0.46896207","0.4277767","0.17747232","0.7257634","0.5392524","0.0025542139","0.037172377","0.029653285","0.005881252","0.006832403","0.45800418","0.8299887","0.4332688","0.86990315","0.56770575","0.6439322","0.9493758","0.2194854","0.13517371","0.7287618","0.41239822","0.86982673","0.40882146","0.39009804","0.0033400757","0.9194236","0.10159682","0.005675926","0.22854374","0.294226","9.0062164E-4","0.5913987","0.06270913","0.008125662","0.5667795","8.977349E-4","0.40711325","0.017573487","0.09019019","0.10172886"
"476.json","0.9986719","0.5012979","0.50573945","0.06547755","0.53103876","0.9971228","0.97383374","0.33156714","0.37169778","0.7385544","0.3571606","0.12917572","0.20607191","0.5111681","0.14696391","0.6694253","0.5882399","3.2020986E-4","0.08821687","0.014314468","0.0013745922","2.6066086E-4","0.27089933","0.6118312","0.11924157","0.32910597","0.47239587","0.5521807","0.8375515","0.5500923","0.4050886","0.8804516","0.22636554","0.93280363","0.62365484","0.09861546","0.002927229","0.93682283","0.10089305","0.003353798","0.2393164","0.2724421","0.009360682","0.6271327","0.04919958","0.004792319","0.509352","1.3755127E-4","0.5203914","0.027324988","0.14304154","0.10326363"
"1144035.json","0.9971916","0.3452826","0.27503645","0.03214839","0.3411274","0.9962082","0.9466947","0.53755057","0.576588","0.7826586","0.5595766","0.17343457","0.45132664","0.73873293","0.2633357","0.7897949","0.7726034","0.0010501172","0.10944332","0.0658531","0.008504436","0.0010742439","0.36286753","0.56585515","0.12588033","0.48520094","0.5021283","0.66545844","0.9469976","0.46156216","0.21656238","0.70670456","0.25438768","0.88592076","0.36059487","0.2812226","0.004355206","0.8660807","0.13952036","0.0013442647","0.20446156","0.18419965","0.0028623575","0.5858879","0.027721487","0.0025331983","0.4575551","8.4731507E-4","0.40562332","0.03098102","0.19715905","0.048470408"
"330315.json","0.9968465","0.46321067","0.26440197","0.007533855","0.3437936","0.9974546","0.8967893","0.5250939","0.59502846","0.85485154","0.41343394","0.27522823","0.530434","0.6644153","0.280602","0.77262","0.65350056","3.9137795E-4","0.058722284","0.027646236","0.0020641435","6.121824E-4","0.13419743","0.5725058","0.099260926","0.5025721","0.3285378","0.5735277","0.9746923","0.5887884","0.17093164","0.7494284","0.137419","0.88582325","0.3788902","0.32337478","0.0012330769","0.9003195","0.10381661","0.0014125304","0.22275808","0.28116807","0.0012785449","0.74328434","0.040015407","0.0039334106","0.4690586","1.55881E-4","0.3008458","0.023107873","0.09004747","0.043192264"
"18936.json","0.9959174","0.81214553","0.853041","0.18063655","0.9059499","0.9997353","0.9889173","0.40190563","0.40424782","0.678284","0.27661163","0.2448157","0.21059492","0.48321995","0.06437441","0.7697335","0.5281064","5.9823977E-4","0.20915398","0.013968469","9.0342923E-4","0.0012782689","0.4874458","0.56163615","0.2576745","0.48707238","0.8524754","0.5159026","0.7381336","0.5711682","0.43541247","0.9503118","0.27356178","0.94220585","0.6442097","0.20386897","0.004551169","0.9808298","0.110562935","0.0146253435","0.394304","0.36198595","0.008489384","0.48615074","0.13832295","0.015658597","0.3199026","1.3611723E-4","0.6292954","0.03846637","0.060358994","0.22452897"
"3043.json","0.98529994","0.3426337","0.11732155","0.0062296484","0.10022251","0.99265516","0.9087302","0.6322959","0.6451598","0.97125113","0.65644413","0.29388663","0.5666519","0.5215997","0.09533429","0.7504254","0.7032187","3.84167E-4","0.010227203","0.0072748717","3.06074E-4","5.041549E-4","0.13989878","0.81383747","0.3478067","0.70899576","0.2473259","0.6311991","0.9666328","0.26810703","0.10172932","0.78859335","0.15022483","0.9260339","0.34886086","0.31137145","0.003907944","0.893397","0.072531335","0.0026892964","0.3022632","0.21723264","0.0027145569","0.78888994","0.01563722","0.014710877","0.6873475","0.0018781348","0.15970975","0.019853346","0.041895922","0.06800746"
"12711.json","0.9972317","0.44042853","0.5031946","0.02168366","0.6042254","0.999785","0.98384196","0.27150172","0.36981103","0.89061064","0.3125739","0.20772438","0.16735266","0.45437834","0.08454066","0.5414036","0.507113","3.0489304E-5","0.06841398","0.0023685605","2.63827E-4","8.81758E-4","0.11856221","0.52366644","0.11588237","0.34227377","0.45866174","0.44946894","0.86941016","0.65667176","0.35146827","0.9081749","0.21757694","0.97529197","0.61828613","0.24194959","0.0013819401","0.94024247","0.07021853","7.0814E-4","0.2333011","0.1850781","0.006609253","0.48297253","0.03571881","6.7030266E-4","0.30478275","6.3855165E-5","0.38406006","0.038106155","0.09105627","0.054595802"
"1048572.json","0.9961587","0.5878785","0.4746049","0.0850203","0.44918707","0.99893683","0.9152339","0.46217296","0.59380174","0.8508484","0.52701426","0.22884679","0.42225975","0.7849253","0.05568548","0.7326086","0.7636073","0.0010938655","0.080625474","0.03160969","0.0010132092","0.0015162468","0.45712218","0.67045695","0.19545466","0.7436322","0.66955733","0.51206636","0.8566895","0.34725177","0.1953725","0.7521965","0.17530648","0.89335686","0.36512965","0.23410682","0.0113323135","0.95931846","0.10082465","0.00720401","0.31776476","0.23772587","0.002356428","0.5833855","0.05545835","0.005905666","0.5606598","0.0011841204","0.48097083","0.020624734","0.103453994","0.10564649"
"15168.json","0.9996553","0.14781134","0.47153404","0.01583546","0.51691496","0.99833196","0.98280305","0.49271572","0.27338412","0.83676463","0.25524962","0.1913277","0.16275142","0.50734526","0.1615052","0.4465946","0.4300255","6.585994E-6","0.06906353","0.0011861025","1.8396694E-4","7.91243E-4","0.06701852","0.51955706","0.0880757","0.21706273","0.32548243","0.40900183","0.9357307","0.81093675","0.50217545","0.9337567","0.115062006","0.99270034","0.77247655","0.15028308","0.0012944977","0.97129875","0.08371915","5.857473E-4","0.21785787","0.1811277","0.0070649134","0.47844064","0.04589376","9.434396E-4","0.22630015","2.8949189E-5","0.29599726","0.018679556","0.039502643","0.021819836"
"2901002.json","0.99772996","0.63625073","0.37477353","0.107747085","0.042220265","0.9752312","0.74880964","0.7107571","0.616045","0.9162167","0.59104717","0.36515984","0.71548986","0.45951653","0.46581262","0.87591857","0.4959674","0.006593893","0.0013525182","0.08664016","0.0027106528","0.018456193","0.13194697","0.7761757","0.57166564","0.81365997","0.28043997","0.36671737","0.9536314","0.50402164","0.12866896","0.6399506","0.05854863","0.796667","0.49867252","0.2713451","0.028581275","0.99102825","0.046157368","0.07312571","0.333475","0.52878344","0.0063704657","0.7477528","0.4478089","0.2517884","0.5402622","8.061411E-4","0.38892588","0.0035149595","0.014288024","0.25648746"
"223092.json","0.9958932","0.681587","0.34753397","0.08977307","0.3567988","0.9978596","0.8187038","0.6803737","0.56504804","0.86992306","0.6195102","0.2994593","0.3760145","0.4629135","0.22696993","0.6652429","0.6823614","0.0026714543","0.049790442","0.049853325","0.009886088","0.010274419","0.51296574","0.6629892","0.4071655","0.8591902","0.68025476","0.5153954","0.9747623","0.23401083","0.075029194","0.6734406","0.21543154","0.7894586","0.27579507","0.3235885","0.009139221","0.8477615","0.14159381","0.006985984","0.16478227","0.25664273","0.0018402408","0.6390047","0.09186231","0.019638708","0.62451094","0.0026542014","0.3410243","0.01805275","0.09521579","0.072354704"
"65358.json","0.99658823","0.57691765","0.39319116","0.043689135","0.53136677","0.99884194","0.9532257","0.47695592","0.579251","0.80584574","0.4869341","0.23678166","0.3675587","0.69024557","0.19496979","0.7671656","0.695995","6.419783E-4","0.086524494","0.016446423","9.980962E-4","0.0026372278","0.30659848","0.6827179","0.11774708","0.5605098","0.4513423","0.5763372","0.9199278","0.42481893","0.21822698","0.7956565","0.23166573","0.9152808","0.4324557","0.4279143","0.0053936164","0.9595287","0.14968035","0.0036633702","0.32011864","0.3109717","0.010446297","0.6804716","0.057020865","0.006740617","0.47232357","2.269001E-4","0.5217298","0.035050813","0.113147885","0.09201217"
"53114.json","0.998791","0.3596875","0.42975515","0.022888185","0.4251411","0.99880815","0.96290183","0.56012684","0.46364838","0.8893506","0.4313453","0.2697083","0.3309396","0.494631","0.12668295","0.55033004","0.48675904","1.049544E-4","0.044845562","0.0062380307","4.1891198E-4","4.8174083E-4","0.1731534","0.6301612","0.19862942","0.45613757","0.45541355","0.56472963","0.9641237","0.5453227","0.23592597","0.846158","0.11219608","0.96251714","0.5242633","0.18289763","0.001978451","0.93853354","0.06453211","0.0025957671","0.17788091","0.21153943","0.0019559695","0.5752935","0.061775364","0.0056646205","0.47690997","2.5628635E-4","0.27505532","0.018550312","0.051933303","0.051034696"
"413501.json","0.9990365","0.81032175","0.34144554","0.061012466","0.36586982","0.994946","0.9426733","0.5025518","0.49184248","0.78660065","0.31770974","0.18889305","0.4509923","0.5557309","0.30829665","0.8436457","0.6789521","4.9147714E-4","0.028371105","0.0327899","6.856082E-4","0.001425067","0.14775375","0.6590783","0.11717694","0.5419818","0.35741922","0.44050822","0.9014038","0.63397515","0.34559107","0.8529524","0.043794014","0.88839734","0.5794282","0.18945578","0.004979036","0.9863726","0.052490477","0.009274812","0.24242932","0.45412648","0.0031854352","0.77759874","0.1522632","0.023685634","0.52551633","2.6131629E-5","0.5414609","0.010521888","0.06274366","0.13240702"
"87234.json","0.9872523","0.5239542","0.2892177","0.024684625","0.25242856","0.99682766","0.9015781","0.81145316","0.5584541","0.8810825","0.67644244","0.2597555","0.4204497","0.6701298","0.017156944","0.79259205","0.72372675","0.0034038571","0.07304979","0.10569767","0.014998732","0.0020050323","0.40307423","0.7633636","0.3062952","0.49459577","0.67944103","0.8254962","0.9254186","0.26935697","0.20897347","0.7563753","0.16064","0.8268892","0.33841124","0.2988476","0.0042265924","0.7736622","0.08360476","0.011829949","0.1451747","0.15844348","0.0023203664","0.511135","0.009518571","0.0014632392","0.64302605","0.00496974","0.25658742","0.0040103486","0.012314443","0.059582043"
"203907.json","0.9979584","0.6517527","0.5317849","0.049339898","0.4500423","0.9986468","0.9458002","0.5863903","0.5967928","0.8675188","0.4958278","0.28971806","0.44870144","0.68866706","0.17847481","0.80027366","0.70543605","0.0010227712","0.058190122","0.02942005","0.0012907429","5.830738E-4","0.2901142","0.69408053","0.12785491","0.57938224","0.4419502","0.6195251","0.93346184","0.43969488","0.20096716","0.7423492","0.19993407","0.8842004","0.38759053","0.3138169","0.0026465564","0.95291066","0.08055686","0.004676251","0.26054275","0.2599402","0.002450493","0.6412264","0.06339318","0.010846866","0.58941925","3.294602E-4","0.4922768","0.01641455","0.15002152","0.0736655"
"29407.json","0.9961885","0.7973107","0.38726136","0.028085023","0.43454716","0.997493","0.9189778","0.6136627","0.66040915","0.8829185","0.5306347","0.3442364","0.58564734","0.60261744","0.41001153","0.8840717","0.66111153","0.004498837","0.05712193","0.0499526","0.0046453746","0.0012509888","0.29855177","0.81019497","0.11310825","0.60686684","0.51632744","0.85569704","0.9824855","0.22357087","0.08579929","0.6446545","0.10004981","0.8263148","0.3114526","0.3577166","0.0014315629","0.86884","0.15350936","0.0022094282","0.16791408","0.30946606","0.0011180119","0.69329375","0.06317922","0.0049969093","0.6056846","3.5960332E-4","0.4991163","0.018623129","0.114154324","0.053702068"
"70604.json","0.99803215","0.7041069","0.73741436","0.029044423","0.65857947","0.9992402","0.9983911","0.17731263","0.46582422","0.7645892","0.07256423","0.13621445","0.28572485","0.71162266","0.3904584","0.8802679","0.8464511","7.273562E-4","0.20284769","0.019235516","0.002010802","2.1026157E-4","0.15208961","0.4428848","0.0061167586","0.12794414","0.5544258","0.70910895","0.7805347","0.730446","0.47532853","0.87518847","0.07702656","0.8792159","0.5454535","0.13358259","0.0012675055","0.9703468","0.036307827","8.060651E-5","0.18224916","0.14197612","0.030281335","0.4063729","0.02843774","0.00421125","0.18767399","7.212068E-6","0.5551337","0.010931864","0.044148695","0.027373506"
"992484.json","0.99790454","0.6014558","0.51604575","0.057325527","0.60793173","0.99932027","0.97568876","0.48631302","0.50563675","0.936615","0.56967664","0.2484453","0.26919287","0.37394798","0.09973221","0.6562588","0.45698804","3.34843E-4","0.039118405","0.0015152091","3.7921203E-4","7.4062345E-4","0.24362001","0.7999146","0.26488644","0.67464346","0.4504776","0.6650396","0.9186065","0.2590922","0.19332772","0.8607819","0.29582113","0.959112","0.50430363","0.21863884","7.946312E-4","0.95986384","0.10785155","0.002977425","0.2519948","0.29867464","0.0025077513","0.5849768","0.09000344","0.0045710276","0.48106763","7.2531425E-4","0.38925165","0.014812395","0.09347058","0.09934598"
"1583.json","0.998268","0.5800167","0.44541666","0.015205771","0.48559633","0.9985068","0.9487296","0.5810975","0.6094629","0.841022","0.4121747","0.2641211","0.4701103","0.625029","0.2628889","0.8160499","0.64682966","3.3766218E-4","0.060398106","0.020560974","0.0014979147","4.0908737E-4","0.19819754","0.64363873","0.14857978","0.50000644","0.40010354","0.61163056","0.9660696","0.49659556","0.20383824","0.81758577","0.15138519","0.91246396","0.44122532","0.30838403","0.0013018164","0.9391912","0.09875599","0.0011431341","0.2115962","0.27919745","0.0017105354","0.6743673","0.058622207","0.0060328282","0.5589402","1.1414742E-4","0.39255142","0.016453326","0.08016174","0.057831135"
"33708.json","0.9973688","0.59692556","0.5140229","0.022407081","0.5659545","0.9994259","0.9751644","0.42021275","0.523482","0.8493138","0.37347248","0.27808642","0.33846804","0.6498758","0.14638354","0.7065579","0.6432983","1.6024304E-4","0.08921394","0.009470326","5.6356576E-4","4.288658E-4","0.18915087","0.63946193","0.08672778","0.44126046","0.37506878","0.570753","0.9375369","0.48084393","0.22314468","0.83013415","0.17059821","0.93818706","0.455783","0.33632457","0.0013875031","0.9644799","0.11852207","0.0012634821","0.28070277","0.3090065","0.0062283813","0.64742196","0.05019006","0.003066556","0.43621886","9.707222E-5","0.42320487","0.024412356","0.09842281","0.06174045"
"139459.json","0.99405235","0.7883873","0.33529797","0.029399114","0.2457531","0.9919882","0.88367623","0.62470543","0.68222356","0.88941115","0.52292657","0.32312793","0.6783673","0.46585712","0.27836183","0.85662746","0.5624563","0.0010554374","0.010305642","0.026577845","0.0012834207","0.0023411992","0.20139495","0.81668615","0.31997877","0.84795","0.31333745","0.5471408","0.97605187","0.37580398","0.09928725","0.6985153","0.15622485","0.8666471","0.4220582","0.36504826","0.002168103","0.97496635","0.07785475","0.0117775565","0.24503082","0.48649675","5.5862824E-4","0.8209269","0.14295004","0.03200692","0.64376044","1.8375067E-4","0.39971402","0.01146699","0.045585398","0.11837634"
"505088.json","0.99824893","0.538979","0.46404642","0.06825335","0.5468204","0.99933946","0.9552201","0.4777631","0.6441797","0.65722066","0.48106492","0.13108931","0.34018373","0.86632955","0.12213863","0.72027975","0.7857296","0.0016000486","0.20235687","0.061009534","0.002339238","4.1074108E-4","0.46234185","0.48878363","0.1553872","0.28008983","0.6785759","0.6270708","0.93078226","0.5332886","0.35595286","0.7834738","0.21235678","0.92834204","0.553687","0.62022585","0.0044762855","0.98055774","0.26867935","0.0019226895","0.474687","0.2985243","0.007973745","0.64056057","0.021771317","0.009050291","0.588479","9.7116816E-4","0.35350132","0.024864968","0.29349974","0.06279907"
"22656.json","0.9972028","0.4275618","0.5045383","0.056529365","0.5843257","0.99940956","0.97955614","0.2705756","0.39636078","0.87810725","0.43693513","0.22229527","0.18492588","0.5084036","0.11232544","0.57632965","0.5401595","1.5417142E-4","0.057427566","0.0037662345","2.843363E-4","0.0012725478","0.2038946","0.6558517","0.11724922","0.44020438","0.39435977","0.5320283","0.84398705","0.504833","0.32797056","0.85569364","0.23396684","0.9666672","0.5663011","0.23914073","0.0021293145","0.9489358","0.07417653","0.0023803648","0.2521669","0.20639017","0.0103346575","0.56176096","0.056444515","0.0016445908","0.31483856","1.586212E-4","0.41928312","0.024761897","0.11471045","0.05930327"
"19068.json","0.99887645","0.5472721","0.41061106","0.00794895","0.46696842","0.9981926","0.9770598","0.40853715","0.4131435","0.821238","0.28855354","0.16896532","0.2692282","0.32863936","0.17435859","0.6545452","0.45754722","2.8228018E-5","0.026394513","0.003133822","3.4085504E-4","2.0825176E-4","0.1408041","0.63661116","0.1712534","0.40118963","0.44889456","0.52168244","0.97143286","0.5690614","0.28994495","0.9276916","0.20784166","0.9564645","0.61565727","0.09136528","3.141506E-4","0.87429","0.0422473","2.5588702E-4","0.114362024","0.19127011","9.0676907E-4","0.63019323","0.032540463","8.577611E-4","0.42967004","2.1380745E-5","0.24761935","0.009425861","0.0093222475","0.03651918"
"939860.json","0.99717337","0.41444066","0.15321992","0.012744601","0.23912637","0.9791701","0.9802449","0.43742797","0.43807673","0.8118979","0.42740595","0.08994291","0.4930671","0.618096","0.5585117","0.85966074","0.68585867","5.0028105E-4","0.042637665","0.059682693","0.002086952","0.0050893794","0.13728604","0.59259164","0.066351086","0.25321442","0.31190133","0.69550276","0.8988192","0.6547697","0.32336736","0.7831006","0.10399717","0.908767","0.5315542","0.099804215","0.008322219","0.7074258","0.08349431","0.0011111216","0.05420773","0.12258791","0.0020390598","0.42323428","0.014606598","0.0032518534","0.088401556","8.108333E-5","0.44312826","0.044437923","0.17436162","0.045824796"
"23354.json","0.99775857","0.60428405","0.47447973","0.05530567","0.38338938","0.99898905","0.9660015","0.35992035","0.45285365","0.8393558","0.5071446","0.2512359","0.34423086","0.48022944","0.2012791","0.64849836","0.59435725","6.1043655E-4","0.04150722","0.012358322","8.0651423E-4","0.006413905","0.261023","0.76762694","0.2005746","0.7000004","0.47388157","0.4335048","0.91546154","0.38414425","0.17471544","0.76482624","0.26976115","0.89702296","0.44309142","0.27582622","0.004121318","0.9562652","0.08131736","0.0024947033","0.3077302","0.2909393","0.010424116","0.62961847","0.06052757","0.002063764","0.33548447","6.521569E-5","0.47916678","0.03055336","0.06491182","0.06560296"
"106224.json","0.9992349","0.46328107","0.6442581","0.1275156","0.41388902","0.9994582","0.9809195","0.6392875","0.48166975","0.84975964","0.4716863","0.14894438","0.19424468","0.6436302","0.065557055","0.7606352","0.66304564","3.9468997E-4","0.05969992","0.07204871","0.0047133234","2.7969907E-4","0.3561226","0.76188064","0.040773846","0.2138269","0.5659413","0.91567624","0.8677051","0.4406957","0.3700442","0.76586574","0.2892339","0.9129356","0.5376325","0.28153032","0.0030952303","0.98228335","0.044894893","0.009407093","0.41758156","0.24440661","0.0065455856","0.40178737","0.015803369","0.007959422","0.48063594","7.8095496E-4","0.60049534","0.014074068","0.18534312","0.073080346"
"14860.json","0.99894166","0.51351917","0.5498775","0.07323188","0.5931268","0.9990781","0.9852744","0.5004246","0.42508462","0.8829873","0.47433197","0.23135298","0.17924568","0.41078055","0.14294776","0.6453043","0.5159512","3.6296333E-4","0.06281023","0.010372041","0.0013444419","6.708762E-4","0.3779101","0.71728975","0.21714225","0.515077","0.6414362","0.7156206","0.9358707","0.2933691","0.22619943","0.8764464","0.26305416","0.9464265","0.4842434","0.13755326","0.0011782249","0.85659355","0.06649685","0.0014385564","0.081628434","0.1410972","0.0015112644","0.509393","0.026300244","0.0014346184","0.43631208","3.2327956E-4","0.38671306","0.016954903","0.05412161","0.08008712"
"440558.json","0.9983553","0.44859642","0.45049092","0.03216381","0.44711527","0.9995069","0.9600809","0.6172769","0.5531605","0.9203763","0.5527552","0.26347724","0.369899","0.5909896","0.121351324","0.6514603","0.59452707","2.4774877E-4","0.055860437","0.01616553","0.0010149716","6.938714E-4","0.30292466","0.69093174","0.23272133","0.535418","0.5344482","0.67381847","0.9710739","0.3654613","0.18744096","0.8249653","0.11206779","0.9388133","0.46000347","0.26357257","0.0014753187","0.90812033","0.09474537","9.366019E-4","0.18012807","0.17770483","0.0016373977","0.5776876","0.028912883","0.004314362","0.5391723","5.1055045E-4","0.24720082","0.012746216","0.059209753","0.043207593"
"893.json","0.99524784","0.7388457","0.43641725","0.044224773","0.69207615","0.99941516","0.94886404","0.44076684","0.44463974","0.8244117","0.41469273","0.29450247","0.2962975","0.48377523","0.12802441","0.72507423","0.5201214","4.8521743E-4","0.13406664","0.01547992","0.0021060023","5.888795E-4","0.23933686","0.55009687","0.19201596","0.50718325","0.5834787","0.56068766","0.9478957","0.49638614","0.22859752","0.8643582","0.14773966","0.91979027","0.4860902","0.32789272","0.0012309363","0.9459004","0.18793999","0.004705009","0.28110713","0.42075217","0.0040969457","0.76061016","0.10836156","0.006903413","0.4618649","2.6776004E-4","0.41274104","0.038528387","0.09148888","0.095500045"
"157247.json","0.9992767","0.61459637","0.7783291","0.15080187","0.4494148","0.9993995","0.98738396","0.22001883","0.47888368","0.80518895","0.48173934","0.28245413","0.2565285","0.45976996","0.27087864","0.6672859","0.5746598","6.09663E-4","0.043824416","0.02620448","0.0019427459","0.003072022","0.5101643","0.79672784","0.17963164","0.6271922","0.76945066","0.61620903","0.91643465","0.37660116","0.1704098","0.8028742","0.26875377","0.88925385","0.4396889","0.031002482","0.0024804235","0.9240219","0.03934619","7.9244375E-4","0.13313948","0.15571588","0.003473773","0.45118776","0.02750272","6.6106656E-4","0.16066983","1.1087305E-5","0.50256866","0.02644076","0.047552753","0.06382323"
"2988.json","0.9993933","0.8940773","0.8123784","0.2217662","0.43120325","0.99979466","0.9780672","0.67592984","0.6476598","0.9509106","0.6932284","0.4427822","0.55319184","0.5430371","0.16992857","0.79278356","0.69187576","0.0032016155","0.02395954","0.095534645","0.004220001","0.012209761","0.64879906","0.9168019","0.34813592","0.92415744","0.8858392","0.63788354","0.9373205","0.12762876","0.06832334","0.5343314","0.2928712","0.71357065","0.22736877","0.20373794","0.011004879","0.9801657","0.040917113","0.010551857","0.28808382","0.23291025","0.0070351204","0.45342302","0.056669597","0.020324038","0.5943884","0.0014119402","0.43213928","0.0075640623","0.05490568","0.070130095"
"157882.json","0.9999985","0.43111604","0.9306938","0.30465007","0.9592943","0.99891603","0.9996731","0.4138397","0.3763388","0.70033836","0.22328334","0.100664146","0.06339948","0.51016915","0.2397315","0.757858","0.22966884","3.353561E-6","0.13539746","0.0010452457","1.5330806E-5","0.0063842675","0.18953604","0.70836866","0.023464192","0.12880455","0.6427228","0.8868745","0.5705982","0.889623","0.90959615","0.9927715","0.11771535","0.99712175","0.88844293","0.022634886","0.007818529","0.99886394","0.022760682","0.0033394715","0.11562334","0.09429006","0.0310453","0.23016046","0.11407936","0.029898992","0.30529982","5.230848E-4","0.68725246","0.0069469362","0.029751005","0.22086768"
"479863.json","0.996468","0.6694723","0.5067652","0.06778883","0.45259082","0.9982894","0.9238627","0.441802","0.53287566","0.7734493","0.42965418","0.27713877","0.34085044","0.58639866","0.28160852","0.67765164","0.6850935","0.002546811","0.094147585","0.037154652","0.0077502644","0.0040187193","0.4073422","0.6214116","0.2728431","0.76385665","0.5287745","0.5020196","0.9282388","0.35867357","0.12400653","0.74468565","0.30199262","0.8378665","0.3824856","0.4025205","0.0035515586","0.904966","0.1255321","0.0043798033","0.24024643","0.3034979","0.002274745","0.6692321","0.09868264","0.004431235","0.4372242","5.799867E-4","0.42096716","0.026197748","0.109530285","0.10215779"
"560648.json","0.99991804","0.67893857","0.9593583","0.2476445","0.5922034","0.9999618","0.999347","0.4271446","0.6360501","0.99270284","0.5778749","0.30807257","0.28155673","0.2718475","0.19019584","0.8093137","0.3832486","9.9205994E-5","0.011693325","0.015184429","0.001471708","0.008645783","0.347937","0.9029617","0.2856692","0.5481267","0.9254923","0.7289564","0.88352245","0.32839152","0.4718041","0.8584008","0.23959245","0.93144083","0.61671704","0.051638104","0.0045103286","0.9659401","0.009031581","0.0020213109","0.14823894","0.10683137","0.035924084","0.07743601","0.009262397","0.003973529","0.16797692","1.7782238E-4","0.38720778","0.007738466","0.056677878","0.051428743"
"1271826.json","0.99549395","0.7053602","0.46183774","0.08217644","0.6787178","0.99737185","0.92087","0.49034467","0.5360481","0.7101082","0.42770305","0.24796793","0.30797595","0.5857338","0.25217772","0.7818291","0.6340011","0.001920078","0.118319176","0.015869582","0.0025412433","0.001125638","0.3684623","0.585085","0.22370549","0.5857878","0.48204437","0.64165294","0.94940215","0.4512327","0.22696","0.80818576","0.17510623","0.9250687","0.49765545","0.3422596","0.0020008772","0.94272083","0.22875634","0.003766146","0.22957979","0.42349675","0.002486441","0.7428263","0.14058943","0.008855847","0.53503805","8.476006E-4","0.5575359","0.017955936","0.15599571","0.1198172"
"138475.json","0.99415576","0.54111785","0.2810176","0.04641027","0.31980863","0.994411","0.9777081","0.5090484","0.54657847","0.88585496","0.5723306","0.1824302","0.27058172","0.31336555","0.17086871","0.6672477","0.4263502","2.610102E-4","0.010782404","0.002502193","1.3097057E-4","0.005420338","0.24775195","0.8025527","0.41074717","0.7946288","0.49206433","0.5545123","0.9519847","0.4176908","0.20738663","0.89292043","0.46454376","0.9769108","0.5546954","0.16718273","0.0019448842","0.8910745","0.03500763","0.0039149974","0.10708057","0.15757382","0.0010240959","0.6119357","0.023349319","0.004238229","0.6384554","1.7231653E-4","0.23026702","0.011322261","0.018947793","0.0663244"
"149392.json","0.9989402","0.43495896","0.55239654","0.07674871","0.5412379","0.99972314","0.9623494","0.44091743","0.43371823","0.829467","0.47884947","0.20257069","0.26633474","0.65610826","0.09289333","0.54959005","0.6763148","3.938677E-4","0.11333532","0.023780294","0.0017046309","0.00131982","0.39887008","0.5857389","0.14790164","0.5139124","0.6033641","0.49387646","0.8966267","0.40703738","0.22404498","0.7785768","0.25946027","0.92033666","0.447212","0.37521976","0.0066546034","0.96462625","0.13816637","0.0025931268","0.4029461","0.24334678","0.012080849","0.53945774","0.04967006","0.003357477","0.40178776","3.774737E-4","0.4409091","0.036870558","0.16773263","0.059815567"
"31671.json","0.99478793","0.6451102","0.45380157","0.04575318","0.49883544","0.99865156","0.94665134","0.39895725","0.52284473","0.84688777","0.5289636","0.2104754","0.36107537","0.4490121","0.10293155","0.6435849","0.47385123","4.917021E-4","0.03828187","0.009334202","7.444209E-4","0.0012403001","0.27417722","0.74242646","0.31798255","0.772974","0.4853194","0.5244677","0.92284817","0.40568888","0.1678361","0.81839186","0.30757675","0.9333611","0.489473","0.28118607","0.0020347706","0.93349856","0.09274849","0.0035743194","0.24466996","0.29661268","9.470303E-4","0.65896153","0.07792383","0.0045476593","0.5456353","1.6238655E-4","0.3753747","0.021028759","0.04353616","0.09245965"
"187606.json","0.98921436","0.6434758","0.5220544","0.050743368","0.62249","0.9992742","0.98533225","0.35315266","0.5470606","0.9080353","0.46089423","0.14602698","0.3334672","0.44429064","0.1064899","0.8543118","0.5045545","3.4625496E-4","0.04373634","0.0025776653","9.838674E-5","5.869724E-4","0.17418039","0.7369856","0.10753827","0.5852085","0.37190345","0.68751055","0.82730836","0.44144353","0.27649248","0.8270847","0.23106983","0.97509044","0.6569951","0.47489098","6.828694E-4","0.98709303","0.069383286","0.0038628532","0.43884388","0.30880103","0.0022223168","0.63416785","0.05939062","0.005326355","0.61768943","8.910846E-5","0.3674044","0.02889254","0.08112053","0.14187682"
"182668.json","0.9990285","0.65514094","0.67586005","0.060370933","0.64482486","0.99974334","0.9874358","0.23860943","0.42724174","0.8192632","0.39028582","0.25001892","0.19440866","0.4752659","0.1194616","0.5566057","0.505736","2.6380352E-4","0.081212126","0.009326798","0.0010135489","5.728424E-4","0.3133222","0.7173354","0.1565746","0.58463293","0.5578724","0.6103763","0.91225946","0.34844398","0.21047251","0.8581526","0.27309534","0.93710613","0.4742992","0.21124473","0.0014348343","0.9530091","0.09272757","0.0012930423","0.19544208","0.26660147","0.002810855","0.5922635","0.046764635","8.938046E-4","0.38715664","5.6521047E-5","0.5130951","0.029703062","0.09356649","0.08257707"
"1187415.json","0.99897736","0.26571798","0.41360313","0.015206676","0.6193835","0.99812907","0.94214016","0.38217345","0.39177585","0.7660277","0.39717305","0.17730899","0.2727197","0.6682362","0.1536087","0.6453622","0.5332229","7.638289E-5","0.1258437","0.008381353","4.963405E-4","1.4116781E-4","0.18049015","0.525132","0.10885046","0.23172326","0.3824327","0.5777336","0.9138273","0.74896634","0.46099034","0.91002417","0.13704558","0.9710588","0.62761354","0.15714641","0.0011320008","0.8875026","0.09627079","4.4886512E-4","0.2014624","0.19016056","0.0051680077","0.62673354","0.049488924","0.0011079957","0.31826904","1.8088109E-4","0.3262564","0.017318508","0.09450019","0.033544984"
"119963.json","0.9509313","0.64778394","0.30934379","0.16492796","0.43666956","0.9963904","0.6348133","0.7551218","0.6274352","0.8039427","0.7178789","0.4196956","0.3706411","0.746341","0.11945322","0.64665663","0.811974","0.01775516","0.21354908","0.1409158","0.055156477","0.028173508","0.68905324","0.58746505","0.62168705","0.9055068","0.8036255","0.495211","0.94621396","0.09187355","0.086547926","0.6890948","0.12766267","0.60898626","0.23081","0.47029176","0.032968406","0.7397866","0.2810443","0.02619225","0.23493265","0.26931387","0.0052607777","0.5375405","0.105173826","0.08931769","0.6393426","0.021890625","0.27881995","0.031968277","0.040970046","0.17907116"
"139985.json","0.995926","0.5553184","0.3794088","0.013143895","0.58067894","0.9980762","0.88296676","0.519638","0.71651113","0.82586646","0.3858972","0.3518759","0.53307587","0.88122195","0.31882578","0.9111538","0.858247","0.0017744433","0.24211675","0.09401318","0.012855286","5.708635E-5","0.26317605","0.5043772","0.019931968","0.28657433","0.41291192","0.88173795","0.975166","0.507859","0.22818401","0.66085804","0.10071914","0.85206044","0.26350534","0.67988545","4.972069E-4","0.9458613","0.16763183","0.0031885533","0.38259462","0.3828132","0.004402461","0.8219075","0.03465431","0.013895325","0.68157035","0.0011912329","0.40855154","0.022394663","0.47722661","0.050370306"
"227665.json","0.9954356","0.5064706","0.35390717","0.028097935","0.37920353","0.9983887","0.87139654","0.652923","0.5467467","0.8840933","0.59947693","0.34036243","0.45057288","0.6421456","0.10899976","0.65205795","0.6043826","6.8326906E-4","0.071655564","0.034275286","0.0034940753","0.0010968396","0.31430346","0.63819146","0.4055472","0.67877144","0.4599467","0.56682503","0.96366906","0.30170536","0.11371064","0.76016784","0.12318582","0.8893907","0.33184555","0.24117865","0.004023979","0.84879756","0.118703745","0.0044961637","0.13220353","0.20753843","8.956118E-4","0.6126028","0.051140603","0.007210405","0.45072928","0.001411733","0.25082222","0.016650273","0.052285954","0.050161477"
"3832970.json","0.9980942","0.4070319","0.38627857","0.028518168","0.69738996","0.9973546","0.97602725","0.24434078","0.2744841","0.7732006","0.26604235","0.15639967","0.13492186","0.47722727","0.0756476","0.5389076","0.4344341","3.6804948E-5","0.10960259","0.0050091217","2.7486612E-4","7.896106E-5","0.12256679","0.39149737","0.1395014","0.21907528","0.31255844","0.55955935","0.76497054","0.81927425","0.49507615","0.92884994","0.13399887","0.98816514","0.6927661","0.37245837","0.0021723402","0.93837327","0.07423984","0.0025394089","0.19696677","0.21407716","0.0011880898","0.55187064","0.108458966","0.003995348","0.30070812","2.4472777E-4","0.46266097","0.057242595","0.2689453","0.0516938"
"28169.json","0.9984459","0.4950077","0.6385731","0.05957875","0.6120362","0.99987894","0.9871922","0.31445837","0.4295432","0.8893685","0.49964902","0.20295504","0.18814327","0.46493044","0.0969707","0.53135353","0.45188624","1.5701567E-4","0.06317784","0.0041787033","4.0607245E-4","9.5499936E-4","0.25171852","0.70773363","0.18117103","0.5096463","0.5568504","0.5447504","0.8927113","0.4022722","0.2740777","0.8721197","0.29271942","0.9663633","0.57812726","0.23843123","0.0016642843","0.94483656","0.102565825","0.001272996","0.2367206","0.19507353","0.005499216","0.50631255","0.030880978","0.0010208442","0.26668534","7.236766E-5","0.36096266","0.028157251","0.0871479","0.06723969"
"734069.json","0.9948604","0.5386008","0.5068074","0.09120043","0.11675226","0.9997222","0.9381927","0.7630345","0.5309098","0.9457818","0.70607406","0.3528587","0.5101903","0.49697512","0.049196362","0.54521364","0.68403894","0.0014498597","0.024934696","0.031743836","0.0052677137","0.042047687","0.34622177","0.868561","0.40838695","0.8619703","0.6034107","0.3857354","0.97904557","0.13185683","0.086138174","0.5944656","0.14556688","0.76916546","0.29764488","0.22004029","0.030559795","0.9861879","0.17183314","0.009976604","0.38888922","0.41552073","0.009795625","0.47805676","0.079877555","0.025755761","0.46839327","0.0044341423","0.41439295","0.015215465","0.021816213","0.080220185"
"9021.json","0.99985737","0.15687609","0.9233536","0.26261666","0.5655754","0.9461671","0.8956497","0.16397713","0.24905498","0.6710574","0.51453066","0.7049338","0.18983983","0.24794547","0.4354109","0.28210086","0.12629418","0.0034201422","0.0135446265","0.09384657","0.021454029","0.14661922","0.09533107","0.7476927","0.23270372","0.41956922","0.3857978","0.020344332","0.8985443","0.6210598","0.6243223","0.7383561","0.06957703","0.85497993","0.65056944","0.07043613","0.13463444","0.9542285","0.14629179","0.07306379","0.05160569","0.04707694","0.025476115","0.24740444","0.11958417","0.02381843","0.06482532","0.024364483","0.42300957","0.30581024","0.11446755","0.19141021"
"367273.json","0.9954675","0.3571625","0.4107813","0.041332215","0.7160737","0.99910283","0.98561794","0.3028679","0.38364038","0.7653707","0.43800968","0.1664092","0.1983279","0.69907326","0.10118129","0.7211782","0.6332804","1.7131162E-4","0.24154596","0.02144243","0.0036316493","1.5587777E-4","0.3352124","0.50482637","0.07497641","0.14288138","0.5837056","0.7375829","0.8206302","0.54384184","0.4250173","0.9067891","0.24890377","0.96201783","0.49968207","0.14661734","0.001617466","0.8645784","0.20410956","0.0010667329","0.17921942","0.1974238","0.008663083","0.56876385","0.018223962","7.4426224E-4","0.24132423","1.9991187E-4","0.54495996","0.061661243","0.23086193","0.050022975"
"21234.json","0.9966778","0.67512125","0.5338481","0.03960295","0.53804976","0.9994389","0.95216596","0.46697268","0.5462346","0.8604821","0.45049185","0.3355003","0.37266698","0.65191823","0.13551067","0.71645975","0.67019135","7.641544E-4","0.081021436","0.014989261","0.0011257592","4.930743E-4","0.2820923","0.6718002","0.15054989","0.55836153","0.49082825","0.574948","0.9175739","0.42359582","0.19169931","0.7949069","0.24582615","0.901515","0.38654688","0.33493668","0.0022327001","0.9470141","0.122495726","0.00499552","0.29548293","0.30263638","0.006229249","0.6833693","0.06782509","0.0065507162","0.5197786","3.5183382E-4","0.4539131","0.02155476","0.1272381","0.07309227"
"28804.json","0.9968868","0.65727973","0.4814409","0.021310024","0.5055358","0.99919206","0.9566547","0.4095085","0.4659703","0.84229136","0.45197815","0.22475177","0.30521217","0.38947374","0.12356171","0.67419887","0.49536186","3.4363804E-4","0.043002423","0.010845295","8.482562E-4","6.8630127E-4","0.197624","0.68312883","0.23425944","0.6867354","0.46471664","0.51166326","0.9528196","0.4129223","0.15265755","0.8287252","0.31295103","0.9271793","0.45572886","0.29912612","0.0010474726","0.89432067","0.08468546","6.8457064E-4","0.18327199","0.23566587","8.1282103E-4","0.62299913","0.050016753","0.002066201","0.5396236","8.569728E-5","0.3403727","0.015735606","0.046156358","0.05892417"
"95810.json","0.9999162","0.44828597","0.9131194","0.13954674","0.7343704","0.9998977","0.99868125","0.29278463","0.3396687","0.8883773","0.38853082","0.17744622","0.12564063","0.34355703","0.11174775","0.6508108","0.33146355","1.3915551E-5","0.032300305","0.0018335631","1.9020626E-5","9.4881625E-4","0.24680467","0.75845474","0.12388615","0.3173492","0.7336155","0.52633035","0.76304346","0.6510525","0.58936507","0.9564214","0.36938298","0.9871491","0.7574529","0.038632423","0.001258649","0.94836473","0.012004991","4.1493948E-4","0.123795725","0.06257693","0.005767457","0.18337877","0.029003538","5.794226E-4","0.09861347","2.8513614E-6","0.40483382","0.014592567","0.03087917","0.0819565"
"55159.json","0.9978869","0.28668508","0.25814825","0.015226027","0.3343117","0.99535185","0.89871","0.6416835","0.53405946","0.8349459","0.51843923","0.2322985","0.47302556","0.6916895","0.295648","0.7869214","0.7207251","7.3671615E-4","0.07163122","0.04529668","0.0034187215","0.0016929029","0.2561129","0.5208597","0.1556173","0.38685724","0.39425188","0.6066949","0.93599164","0.55565244","0.23625673","0.77090484","0.17122185","0.88114864","0.4063586","0.1906476","0.0049064253","0.7620805","0.10119664","0.0018685355","0.11933968","0.13604796","0.0018376705","0.58023876","0.03555582","0.0037506758","0.44879022","8.0494996E-4","0.38876122","0.026300905","0.09464595","0.04868398"
"100297.json","0.9962032","0.7043685","0.4334426","0.013670814","0.5848508","0.99936134","0.9637354","0.5057836","0.62003356","0.8395684","0.3605616","0.34292772","0.47246438","0.6701768","0.23402801","0.8166818","0.6312727","0.0010038642","0.0999574","0.026187202","0.0022660005","1.6359113E-4","0.25372487","0.62860984","0.17325608","0.46325704","0.5788903","0.7082418","0.97242725","0.43901065","0.1460878","0.7929326","0.1741189","0.91262525","0.3790142","0.44380608","0.0012184357","0.93628144","0.17475261","0.002656194","0.31457677","0.32300287","0.0054617426","0.73318493","0.04517691","0.006733001","0.6210173","5.5840635E-4","0.35658902","0.017736359","0.09466712","0.056437936"
"179910.json","0.9979843","0.3557811","0.4989109","0.08577678","0.5642793","0.9997416","0.99052846","0.23151934","0.24777384","0.8614986","0.47635087","0.14575477","0.06797845","0.3530571","0.06623154","0.40916836","0.46244133","4.413723E-5","0.062011015","0.0014113957","1.6782891E-4","0.003961102","0.25979075","0.7192943","0.15894243","0.43318346","0.55412","0.49197516","0.8426697","0.40365338","0.33686578","0.9185038","0.35248423","0.9838508","0.6258521","0.16376118","0.0014949661","0.9076564","0.047597006","2.293338E-4","0.12107359","0.11935641","0.007371622","0.3024899","0.013694736","1.09073044E-4","0.09769665","3.748655E-5","0.37099025","0.02524276","0.02849289","0.042548623"
"548225.json","0.99082196","0.75562865","0.20362541","0.023336599","0.20701751","0.9912612","0.72520244","0.57662505","0.50576633","0.7887368","0.4997674","0.30704302","0.6125586","0.5729027","0.24485222","0.7741475","0.58465594","0.0013944887","0.031220304","0.067393124","0.0029265676","0.003391308","0.15809907","0.56038004","0.2732459","0.63484824","0.28499025","0.36164486","0.959084","0.6046522","0.122285455","0.6590578","0.11943871","0.8260568","0.42280024","0.42516136","0.009175179","0.95126134","0.15118676","0.028431317","0.3134136","0.5119917","0.00301152","0.8599019","0.17158066","0.02036428","0.47911233","2.0490467E-4","0.42109418","0.036352787","0.058676437","0.099704124"
"922184.json","0.9662616","0.71722126","0.20508881","0.033386678","0.5384008","0.9967148","0.77973115","0.6580328","0.5381572","0.77232474","0.64542353","0.4608294","0.4746693","0.8615859","0.40606353","0.7042859","0.78151333","0.044593826","0.46579665","0.2246764","0.10205473","0.0030727533","0.542476","0.48585075","0.26545334","0.48920396","0.5227738","0.82384235","0.94180024","0.1454093","0.0990698","0.50018215","0.0783177","0.6100928","0.1291501","0.74913204","0.0029077043","0.5966148","0.47208673","0.0027979626","0.30074173","0.30031154","0.0045740902","0.78121597","0.09549923","0.001299537","0.31016597","0.0041806735","0.47210586","0.071384996","0.2561619","0.059938535"
"77567.json","0.9968999","0.4269854","0.78821725","0.08666916","0.8057898","0.9996855","0.9948175","0.18662627","0.37448516","0.94841594","0.3730985","0.35840392","0.101487406","0.6131214","0.053923205","0.43859723","0.3412906","6.242436E-4","0.16414891","5.9750996E-4","1.4935186E-4","7.804648E-5","0.09281078","0.58362395","0.09084847","0.26843446","0.27673155","0.6943575","0.73391014","0.19815214","0.2696327","0.8566793","0.12720901","0.9834656","0.64324224","0.13602082","5.9975137E-4","0.96411633","0.2512472","0.007918308","0.14280295","0.20022306","0.0027064204","0.58317775","0.11018334","0.011120553","0.3065207","0.0016040776","0.54162294","0.083031766","0.25382993","0.1874769"
"69083.json","0.9989357","0.5844723","0.54871523","0.03537213","0.5031982","0.9993429","0.97598106","0.48984826","0.5287976","0.91186","0.5272728","0.3923236","0.36298558","0.5715593","0.17082797","0.63875735","0.5984365","3.9111788E-4","0.050246924","0.016958535","0.0019529192","1.9868834E-4","0.34462133","0.76663107","0.21045883","0.70285666","0.5366094","0.6727316","0.9848842","0.18799609","0.07561454","0.7270256","0.17962757","0.91783303","0.29661563","0.18548737","7.658169E-4","0.93045586","0.10853138","6.1709713E-4","0.14401658","0.22966789","6.2996824E-4","0.61048025","0.024887713","0.0017692024","0.47708365","3.1221999E-4","0.34180173","0.016970584","0.073131755","0.034496494"
"10661.json","0.99500656","0.79639983","0.5114194","0.02813155","0.68840486","0.9992584","0.98188573","0.39010802","0.5674041","0.76324856","0.31290194","0.23023255","0.3448465","0.6227443","0.13754578","0.8499696","0.67521065","3.7029976E-4","0.11370386","0.012784286","0.0010678843","2.613393E-4","0.21525204","0.63584983","0.08329967","0.49251962","0.44531032","0.6344104","0.8615555","0.5356239","0.2653158","0.8792909","0.23461722","0.94193065","0.5025047","0.3856117","8.9061836E-4","0.9677927","0.08418541","0.0023168195","0.25335684","0.333594","0.0037336352","0.67958635","0.06468749","0.002087864","0.45825493","7.1405935E-5","0.5006376","0.015721189","0.06322738","0.114542745"
"61974.json","0.99884963","0.5509648","0.44549918","0.047652192","0.41530585","0.99907726","0.94881004","0.5269279","0.533995","0.87479866","0.53383595","0.28282386","0.4060285","0.59444624","0.17843984","0.66204333","0.60661316","3.564605E-4","0.049309652","0.025569882","0.0013513854","0.0024856161","0.31170624","0.7097684","0.20853184","0.69440246","0.48168418","0.52336955","0.95179385","0.41914636","0.13985106","0.7199586","0.1834755","0.9104562","0.3699282","0.2726079","0.0039663617","0.9440302","0.07518417","0.0031203164","0.20007333","0.22116837","0.0026502747","0.57855636","0.04697181","0.0028313135","0.3768014","2.4940883E-4","0.35472688","0.023137037","0.08338962","0.05441307"
"148870.json","0.99680865","0.4601196","0.3233536","0.04059343","0.47001082","0.99855703","0.93679714","0.46989396","0.43514392","0.8474713","0.5120687","0.21823435","0.21968228","0.5570619","0.08521368","0.6072885","0.5935175","2.1792985E-4","0.07473645","0.009777917","0.0011656904","6.331286E-4","0.31627053","0.60094845","0.24201576","0.5730418","0.51766145","0.5263472","0.94852763","0.40251383","0.20596296","0.86866707","0.2421126","0.9390961","0.45258966","0.23218907","0.0015382273","0.8697496","0.10567584","0.0014547999","0.15257347","0.19527876","0.0014445744","0.5786065","0.029182537","0.0016247239","0.3805209","3.13208E-4","0.3030196","0.02050151","0.056484334","0.05064826"
"73226.json","0.99616337","0.36144063","0.36517227","0.022225868","0.32368404","0.99463975","0.94428223","0.5682617","0.27357265","0.93529487","0.4105713","0.23973536","0.28829053","0.2728009","0.14898388","0.58694625","0.52165663","3.341211E-4","0.07444695","0.03706362","0.007178162","0.0034086374","0.2630307","0.59003675","0.3085412","0.44491753","0.674785","0.72945654","0.8838176","0.4973873","0.2177075","0.6771508","0.18231055","0.8214426","0.44631416","0.13169976","0.008254099","0.63955057","0.081666425","0.0012198043","0.14102167","0.05293765","0.0012174845","0.33676627","0.03492221","0.005534244","0.3105572","0.0030974185","0.2511793","0.036602948","0.098227605","0.014758119"
"17034.json","0.9958867","0.57219905","0.5377492","0.026602037","0.7947087","0.99832594","0.96799314","0.47034118","0.4735492","0.8247065","0.38902104","0.47584268","0.29539952","0.6572311","0.13919431","0.6347923","0.48552105","3.0697157E-4","0.13570186","0.009739199","0.0011998889","3.3577144E-4","0.15713096","0.65004814","0.08859034","0.34572446","0.4006934","0.6322676","0.9617883","0.43870872","0.28230667","0.84210515","0.17028014","0.9670288","0.5011872","0.3278376","0.0013095393","0.95843685","0.26191592","0.005260316","0.27671474","0.41318887","0.0062276204","0.80658925","0.06314155","0.0036534183","0.40556648","4.7726193E-4","0.47484943","0.05113167","0.22802307","0.0591588"
"571407.json","0.9980768","0.45570803","0.4039947","0.02139696","0.53229135","0.998312","0.9263496","0.52351475","0.5552268","0.7938966","0.4449393","0.27365944","0.3221235","0.71543163","0.11050777","0.6909063","0.6736147","4.1127857E-4","0.10240785","0.023188245","0.0017634393","2.269959E-4","0.26552704","0.5925297","0.1226793","0.44222924","0.44391307","0.63483685","0.95149875","0.5037475","0.25401565","0.8249144","0.21200919","0.9177406","0.42797768","0.2969096","0.0021308288","0.90471417","0.10178425","0.002643873","0.20532398","0.22346433","0.0030054578","0.63609123","0.037822887","0.004260076","0.60143185","5.9837394E-4","0.37907413","0.017285438","0.1111147","0.04587918"
"5445.json","0.9987158","0.6241983","0.59694624","0.024230774","0.6208437","0.9987413","0.98275536","0.435596","0.6058879","0.8360085","0.35679153","0.31923494","0.40902913","0.7001602","0.16186623","0.7517069","0.6359705","4.410924E-4","0.10244565","0.022224331","0.0012777626","1.2652716E-4","0.23341602","0.6728662","0.08338915","0.4521843","0.47094297","0.7324675","0.94919264","0.44530457","0.21709159","0.7876634","0.11683931","0.9304103","0.39391565","0.21099432","0.0013282173","0.95513386","0.09584403","0.0022827254","0.21686673","0.277314","0.0013792287","0.6884038","0.054431133","0.0080465935","0.57857513","2.5799207E-4","0.508062","0.021431258","0.14888422","0.05752755"
"115145.json","0.95428824","0.63803864","0.0555677","0.002252991","0.52515066","0.971127","0.77791655","0.42902467","0.4330612","0.61186206","0.4152763","0.18670726","0.36823407","0.451479","0.052635927","0.78870517","0.67068326","3.2477785E-4","0.10962705","0.0030992527","0.0015097224","1.9102708E-4","0.04229239","0.22344573","0.2205551","0.30467018","0.030801106","0.30804503","0.9491783","0.66230947","0.32350552","0.8974836","0.32279357","0.9669594","0.46570936","0.53206605","0.0011406024","0.8693212","0.38040408","0.0011509194","0.2818635","0.6399586","0.0039463504","0.91623014","0.1147751","0.01483811","0.71650624","0.0018716538","0.53684384","0.03850949","0.22209024","0.14390633"
"57695.json","0.9940219","0.54026324","0.4342512","0.052019164","0.54072016","0.99922717","0.95003504","0.4456708","0.5070711","0.82595474","0.56390667","0.22856688","0.34039256","0.5784734","0.08994691","0.6358496","0.5586567","4.0138207E-4","0.07333272","0.008136376","4.3129592E-4","0.0015200592","0.2811389","0.68988127","0.25531924","0.67890257","0.42881033","0.45365095","0.93012923","0.47232923","0.22599253","0.83011085","0.25764522","0.9574117","0.48145765","0.28412178","0.0026424916","0.9468449","0.10683901","0.0025369648","0.25916702","0.26882088","0.0049004396","0.63164175","0.04608854","0.0034311982","0.34353444","2.5817347E-4","0.35383603","0.025028432","0.06616372","0.059571877"
"65863.json","0.99853903","0.17973012","0.18672244","7.5972686E-4","0.11024198","0.98943377","0.9071392","0.7433222","0.37135154","0.959932","0.57412624","0.48760733","0.44435927","0.28506017","0.12568286","0.44494754","0.2875187","1.418349E-5","0.004270456","0.0011992144","1.4066616E-4","4.654545E-4","0.059934724","0.7884461","0.4261097","0.5526869","0.32949078","0.4762394","0.9964448","0.44909903","0.17708753","0.90570015","0.08941006","0.9626966","0.5006285","0.03923291","0.0011587965","0.50982714","0.038207974","6.9095526E-4","0.05797623","0.07636452","0.0021278246","0.58473784","0.008276744","0.0011402413","0.6891599","2.1801169E-4","0.038962476","0.009766278","0.005044593","0.012420913"
"118068.json","0.9907271","0.46360406","0.19953772","0.0051869946","0.36601785","0.9961357","0.88741565","0.3831636","0.3167259","0.79041284","0.31197885","0.29116124","0.24076198","0.43734705","0.14961047","0.52269083","0.48639724","7.358317E-5","0.05758016","0.007862584","9.182309E-4","3.6158672E-4","0.11018495","0.5179781","0.23774934","0.46380678","0.2778533","0.36085385","0.9653915","0.5641883","0.19502062","0.9128409","0.19838023","0.9344641","0.5150306","0.24135268","3.863552E-4","0.6993607","0.1199105","5.895432E-4","0.11155888","0.2300098","3.7838978E-4","0.7645996","0.029549394","4.8345397E-4","0.304099","2.4802486E-5","0.20498215","0.032351702","0.026928192","0.04386116"
"34397.json","0.9960101","0.6007144","0.43588334","0.024201129","0.5017735","0.9986834","0.89047825","0.54140764","0.57015055","0.81377494","0.4499184","0.36584136","0.49425688","0.66767067","0.1624852","0.72116506","0.6375384","5.1623007E-4","0.09334002","0.02560642","0.0021341257","0.0011260646","0.2649116","0.6123489","0.2226437","0.6744118","0.44811386","0.4782371","0.9724554","0.4881499","0.14422955","0.77616185","0.13650909","0.8811846","0.38938114","0.39865458","0.0021935857","0.94889945","0.14916162","0.004001054","0.30197114","0.39182118","0.0021606483","0.74088407","0.09108998","0.009981171","0.5381525","2.6285904E-4","0.41680095","0.031064657","0.08987788","0.080642775"
"151292.json","0.9989486","0.47175565","0.5075126","0.03581933","0.5730053","0.9996623","0.96859586","0.5199259","0.522629","0.8125524","0.3991783","0.18709856","0.3045979","0.6756968","0.12847082","0.677408","0.64285725","1.8553992E-4","0.100123316","0.020593371","0.0010314236","6.781918E-4","0.28935823","0.59779024","0.11615183","0.3939655","0.60417485","0.5950752","0.9296638","0.571936","0.30831966","0.86919457","0.16037098","0.9412304","0.53200626","0.28439143","0.0022610286","0.95168126","0.09937532","0.0010451203","0.23294687","0.2076722","0.0034526996","0.5188217","0.026666882","0.0021455775","0.4071862","1.0542037E-4","0.4003317","0.0208653","0.08083387","0.049598385"
"13302.json","0.9907406","0.22369368","0.30068132","0.031692374","0.38097847","0.9913617","0.8991742","0.42730072","0.44802043","0.72425616","0.4081476","0.22334623","0.24645133","0.4941995","0.4537571","0.5798222","0.6131752","0.0012584402","0.064127415","0.016165521","0.002810675","0.0064894063","0.26064977","0.5299628","0.2015728","0.4593556","0.35669735","0.57433647","0.91631824","0.62623304","0.26907876","0.8261727","0.21983992","0.91998386","0.55267453","0.19246951","0.0051366333","0.7010528","0.0741218","0.002660881","0.10452208","0.1305596","0.0051932046","0.65207005","0.06677251","0.004802367","0.43533173","0.0011160626","0.18994558","0.024291722","0.05567433","0.05755298"
"19563.json","0.9986079","0.4352381","0.46169633","0.027325481","0.56349343","0.9996728","0.96017605","0.4923269","0.44595107","0.77519447","0.35325387","0.18824463","0.22180511","0.6010638","0.12622502","0.5963142","0.6470874","1.7724975E-4","0.12396219","0.0145962","0.0015161586","5.076844E-4","0.26576725","0.52059567","0.13149439","0.39571747","0.6004634","0.5318007","0.9349964","0.53964293","0.28272617","0.8800766","0.21231134","0.92794895","0.4925982","0.30386484","0.0023589311","0.9116513","0.11788583","5.973892E-4","0.20369941","0.18079074","0.0026207299","0.5383017","0.030158479","0.0024651552","0.5183045","1.3352037E-4","0.3760862","0.025308901","0.071415775","0.04617621"
"341994.json","0.98885596","0.72267336","0.60310096","0.1256853","0.6686139","0.9993652","0.89618945","0.38694507","0.5044956","0.934956","0.59347695","0.43078357","0.31260067","0.5489791","0.0833318","0.45516616","0.50437015","0.0015095033","0.0478603","0.0025307555","2.4717723E-4","9.7494683E-4","0.3543762","0.8239971","0.32369617","0.732923","0.42022893","0.5364989","0.90983146","0.14385751","0.15079758","0.7466324","0.15346177","0.93191606","0.44532293","0.28047088","0.001545945","0.95104134","0.22173041","0.010212587","0.20681949","0.3893915","0.0038675861","0.7425375","0.23147485","0.016347647","0.51875234","0.00124959","0.5195105","0.02049555","0.049783543","0.11079075"
"20862.json","0.99618894","0.5988652","0.40851203","0.015875082","0.51796687","0.99906445","0.9405205","0.4081502","0.49005434","0.86994857","0.4186329","0.316923","0.32903636","0.5828712","0.08524111","0.6770823","0.5902926","1.3863572E-4","0.07242764","0.012143668","8.2250545E-4","9.8686E-5","0.2127271","0.5965313","0.23842813","0.5154852","0.46359056","0.51378804","0.95519775","0.42952588","0.1710387","0.85227835","0.17474462","0.9308512","0.40767002","0.25825697","8.671685E-4","0.8839737","0.12219234","0.0012690233","0.19076858","0.25309277","0.0011639412","0.68426305","0.04540545","0.0024564555","0.45665717","1.9674646E-4","0.3009961","0.020504996","0.06267134","0.051443685"
"596781.json","0.9994071","0.4759582","0.6374131","0.11373538","0.5637858","0.99879414","0.93090135","0.6658672","0.51572007","0.8204901","0.43875855","0.41533753","0.35488153","0.7180864","0.10738855","0.72108734","0.7426004","0.0017979014","0.15226328","0.049137242","0.002902037","0.0040538143","0.51952434","0.69130427","0.09034178","0.5878552","0.7184874","0.6923654","0.8987645","0.3537641","0.29207978","0.78074974","0.062192686","0.87786037","0.34707242","0.14869249","0.027902268","0.9445143","0.13181792","0.029574897","0.2526131","0.23891604","0.011689528","0.5556706","0.09734812","0.02677471","0.5680001","0.005326878","0.56361187","0.04441277","0.12142521","0.10015493"
"279627.json","0.9973806","0.6289531","0.48964998","0.03641111","0.5573417","0.9993449","0.96659666","0.43425006","0.5437735","0.8258781","0.5137762","0.25328803","0.37107408","0.6330914","0.099165685","0.7652725","0.5867658","3.509984E-4","0.103190936","0.025109816","0.002475915","2.4663843E-4","0.3314044","0.66916245","0.19805732","0.58713603","0.57359636","0.65305","0.94417614","0.3851141","0.16812915","0.8026566","0.2618515","0.9191872","0.3885089","0.23848285","0.0014304266","0.93567914","0.14170814","0.0011337554","0.220813","0.2670994","0.002235815","0.59643495","0.027227245","0.002264401","0.3798521","2.1112071E-4","0.39719847","0.02103694","0.10478859","0.059153758"
"34509.json","0.9996675","0.62221503","0.9117377","0.036099646","0.6619416","0.9992207","0.9990138","0.6672289","0.6941442","0.96329445","0.286703","0.3527306","0.4065247","0.24461035","0.11923325","0.8838813","0.1257249","1.1963307E-4","0.023537427","0.0068874964","4.3782406E-4","0.008157392","0.04396336","0.9239743","0.2287088","0.27507544","0.3681269","0.85733473","0.8366721","0.62432843","0.6679231","0.93777955","0.10571901","0.9882111","0.8666947","0.12528206","0.0029366028","0.95951074","0.011414438","0.004535379","0.1323614","0.12529486","0.036504835","0.11514052","0.065750174","0.015414865","0.15156884","5.3151743E-4","0.2572912","8.163176E-4","0.013381862","0.08450823"
"1968.json","0.99530244","0.5956451","0.5697158","0.04782601","0.8360835","0.9994002","0.9902119","0.21914801","0.4201028","0.73273766","0.27167073","0.16389228","0.16286522","0.5651128","0.17757381","0.7210865","0.53326166","8.5681844E-5","0.14071883","0.0017541586","3.2413562E-4","3.392415E-4","0.20125991","0.5343765","0.044257194","0.39992622","0.40817714","0.6599866","0.84835565","0.59796184","0.39509693","0.9100016","0.21083805","0.97871685","0.6280856","0.27036124","6.506099E-4","0.9826432","0.08980644","0.0023765273","0.31983888","0.40016994","0.006074336","0.70370644","0.0912266","0.0020838878","0.27342036","1.696439E-5","0.55268097","0.045683127","0.061734278","0.13121642"
"771848.json","0.9971831","0.63811064","0.26428017","0.013408725","0.49718723","0.995069","0.9255065","0.50409186","0.5982605","0.8280114","0.50398093","0.25628567","0.4642655","0.5422611","0.13743009","0.8217689","0.51892835","2.0815124E-4","0.03524124","0.010391332","5.4359034E-4","5.4190913E-4","0.18342267","0.729164","0.21517667","0.5732842","0.3571261","0.62554497","0.9433451","0.53708285","0.22964115","0.85417426","0.21108578","0.9535789","0.48587108","0.29065275","0.0014110231","0.9226791","0.090346195","0.0026656417","0.19869447","0.29690707","0.0015786533","0.7366633","0.080752485","0.005364957","0.6134025","2.198489E-4","0.350594","0.013365434","0.051735807","0.08100713"
"224671.json","0.9933652","0.5237263","0.5270508","0.01289517","0.696231","0.9990674","0.942739","0.4096553","0.30870983","0.7777858","0.26448333","0.263565","0.31388834","0.5117926","0.0823927","0.6450761","0.44675633","9.297053E-5","0.14963003","0.009979336","6.0451153E-4","1.8320495E-4","0.11272286","0.44828907","0.14607784","0.23850589","0.43670535","0.45611638","0.90087765","0.7473284","0.3837224","0.91165715","0.09498682","0.96882623","0.6591939","0.19696876","9.7270426E-4","0.926551","0.16587996","0.0012025661","0.31318888","0.319867","0.0025583694","0.65625125","0.0685695","0.002321556","0.23253983","3.7160775E-5","0.39640933","0.047131307","0.08501211","0.050926875"
"276052.json","0.9990596","0.5989143","0.5428987","0.051052213","0.5340944","0.99971074","0.9741206","0.4885685","0.5591686","0.8571726","0.51187015","0.23144048","0.3556538","0.63115364","0.19245556","0.73424035","0.6119284","4.0213036E-4","0.07344745","0.021545123","9.788048E-4","0.0011621505","0.309518","0.71106553","0.12651113","0.55108863","0.5959484","0.6584019","0.93327475","0.46126154","0.21882933","0.791387","0.23320206","0.9261288","0.42554998","0.30630565","0.0020428288","0.95381445","0.08846632","0.002458943","0.24737643","0.22819267","0.0047167856","0.5523048","0.04325763","0.0040694852","0.50501275","1.9920839E-4","0.43293905","0.02094739","0.12197853","0.06385996"
"284240.json","0.99395645","0.6841674","0.36383766","0.029385863","0.4160472","0.99788284","0.9609644","0.42430758","0.6169642","0.8585057","0.405377","0.23346639","0.47966796","0.66615766","0.30447143","0.85183454","0.7172279","6.4330216E-4","0.05582528","0.03626816","0.0019902908","5.679759E-4","0.22494131","0.65380394","0.08740154","0.443538","0.44949538","0.66499084","0.94618285","0.49402723","0.20495279","0.74680525","0.11378694","0.87942284","0.43106225","0.3431455","0.0033965618","0.9454671","0.12376329","0.0018250637","0.23769817","0.32804883","0.0064741275","0.73126614","0.06433164","0.019475233","0.5479442","9.2235416E-5","0.47771877","0.025516829","0.14247796","0.07288131"
"114251.json","0.99352","0.7795265","0.3725957","0.009528804","0.46885735","0.9974478","0.88054055","0.47539616","0.60415655","0.83708686","0.46407923","0.3612337","0.52358586","0.5144762","0.052126825","0.7746228","0.5310081","3.7350034E-4","0.046163","0.020955296","0.002003855","5.4889024E-5","0.231914","0.7545215","0.35777938","0.7116483","0.49460268","0.6651729","0.9741513","0.28019822","0.101017326","0.8083468","0.11938837","0.89478314","0.34333333","0.22858807","0.0013910471","0.9230009","0.16386253","0.0049441666","0.18615611","0.43962893","5.513238E-4","0.78333855","0.07841263","0.02451505","0.6943764","4.480102E-4","0.37295306","0.018939314","0.055134162","0.06732627"
"190597.json","0.99741656","0.5638634","0.49044657","0.050270226","0.6203306","0.99929994","0.9482416","0.45611313","0.5507577","0.81672454","0.49399593","0.28136158","0.37726837","0.74570173","0.16236725","0.7668058","0.6730568","7.157005E-4","0.13915235","0.029086458","0.0016569482","4.949668E-4","0.38543704","0.58129084","0.14936395","0.43764773","0.58795106","0.6361082","0.92136294","0.45824942","0.22321562","0.79199594","0.16941205","0.9164783","0.39993063","0.31938127","0.0026742155","0.9302286","0.15106857","0.0029350563","0.27940458","0.25939697","0.006819802","0.6164141","0.05089575","0.008447005","0.3590522","5.561602E-4","0.42611","0.031062538","0.1605087","0.06601524"
"218196.json","0.98918474","0.43856388","0.3154264","0.058953397","0.43555838","0.98482406","0.7400578","0.6038947","0.62930137","0.6601304","0.5142911","0.3873388","0.57169557","0.85579187","0.13459681","0.7620689","0.86424994","0.009257928","0.12521859","0.108959","0.0064776917","0.0024448263","0.53811187","0.6189616","0.13942051","0.5727039","0.5384157","0.64469486","0.9578334","0.42120233","0.23214598","0.6386023","0.08215753","0.7491932","0.31285456","0.30439714","0.01622048","0.8957159","0.22547546","0.03069395","0.35937956","0.4066435","0.009049199","0.8115635","0.08790907","0.03416213","0.7399218","0.0077212225","0.44274586","0.032613058","0.111654185","0.08977137"
"50079.json","0.9970268","0.659681","0.44453973","0.045528304","0.3359188","0.9991176","0.9150433","0.6839071","0.6270156","0.9305505","0.59728074","0.3966367","0.55813324","0.5557646","0.19796494","0.75163096","0.6215935","9.4766E-4","0.018966254","0.031087147","0.0015613744","0.011387831","0.36292115","0.84534025","0.35625073","0.8328907","0.5649805","0.5885803","0.9610619","0.227219","0.06824163","0.62560433","0.12859172","0.84680164","0.2977243","0.2231769","0.0031295356","0.9430712","0.070034616","0.003952235","0.198036","0.21525735","0.0017578184","0.49749827","0.03943529","0.0027038325","0.34852356","7.836331E-4","0.2870948","0.008634862","0.010800601","0.048215237"
"217408.json","0.99738824","0.6292566","0.37917876","0.011751933","0.5052794","0.9976493","0.91767085","0.35664904","0.50796974","0.8775519","0.32216728","0.24089329","0.38756463","0.5223005","0.10512741","0.7715613","0.57714754","1.5458387E-4","0.031223737","0.006061847","2.8033977E-4","9.366964E-5","0.1513594","0.66910654","0.21318612","0.43139535","0.4557937","0.5825579","0.9168211","0.5129772","0.252749","0.91441333","0.13736129","0.9406378","0.53875214","0.17169309","0.001643387","0.9392097","0.08600252","0.002170199","0.26424554","0.35218805","0.0039324174","0.75340664","0.1063756","0.008931285","0.5635584","1.3924288E-4","0.47913095","0.013832409","0.046998035","0.07173759"
"1491895.json","0.9969271","0.5225647","0.42253318","0.032314707","0.5082272","0.99926096","0.95223284","0.43535393","0.5518458","0.87760967","0.4970521","0.2670491","0.35336456","0.65734684","0.11275888","0.62211925","0.6428712","3.399602E-4","0.08272683","0.018167472","0.0019237031","2.0837538E-4","0.35153836","0.6065536","0.22111529","0.58238035","0.53231174","0.59169877","0.95908535","0.35523403","0.15462689","0.80115855","0.19691224","0.91817516","0.38358974","0.3064511","0.0017009971","0.8895152","0.16364077","0.0014434746","0.21673311","0.26091376","0.0014867154","0.65810597","0.04445168","0.0031767166","0.46410263","4.0366064E-4","0.36949706","0.031060945","0.12994374","0.06594608"
